1	10393920	1:10393920:G:A
1	10633245	1:10633245:G:A
1	54072471	1:54072471:G:A
1	78623626	1:78623626:C:T
1	91231085	1:91231085:A:C
1	110154688	1:110154688:T:C
1	160160801	1:160160801:T:C
1	176799143	1:176799143:G:A
1	177889480	1:177889480:A:G
1	185110367	1:185110367:C:T
1	213125699	1:213125699:G:T
1	215566593	1:215566593:T:C
1	227868474	1:227868474:G:T
10	21916728	10:21916728:C:T
10	81234500	10:81234500:A:G
10	99001779	10:99001779:A:T
10	99772404	10:99772404:G:A
10	102626510	10:102626510:G:T
10	104127171	10:104127171:G:A
10	104508202	10:104508202:A:G
10	130834698	10:130834698:C:T
11	27684517	11:27684517:A:G
11	43628749	11:43628749:C:T
11	47532395	11:47532395:T:G
11	66899619	11:66899619:A:G
11	74300441	11:74300441:T:A
11	74394369	11:74394369:G:A
11	74628743	11:74628743:C:T
11	77382827	11:77382827:G:A
11	133221928	11:133221928:A:G
11	133792644	11:133792644:G:A
12	15032860	12:15032860:T:A
12	24071748	12:24071748:G:A
12	48392433	12:48392433:A:G
12	48412138	12:48412138:G:A
12	50256063	12:50256063:C:T
12	66360164	12:66360164:C:T
12	79686971	12:79686971:A:G
12	122011598	12:122011598:T:C
12	122654382	12:122654382:G:T
12	123024476	12:123024476:G:T
12	124405871	12:124405871:G:A
13	20616557	13:20616557:A:C
13	51078446	13:51078446:T:C
14	21572840	14:21572840:C:T
14	27686205	14:27686205:T:C
14	94007075	14:94007075:C:T
14	101531854	14:101531854:A:G
15	47916872	15:47916872:G:C
15	56823913	15:56823913:G:A
15	57017888	15:57017888:A:G
15	58327347	15:58327347:T:G
15	73082468	15:73082468:C:G
15	74223118	15:74223118:C:G
15	77799657	15:77799657:A:G
15	79412399	15:79412399:C:A
15	80988600	15:80988600:G:A
15	99194896	15:99194896:C:G
16	2156850	16:2156850:A:G
16	4015729	16:4015729:C:T
16	24600412	16:24600412:C:T
16	24788645	16:24788645:T:A
16	28847246	16:28847246:T:C
16	29939877	16:29939877:A:G
16	53800954	16:53800954:T:C
16	53910261	16:53910261:A:C
16	64518662	16:64518662:A:C
16	69896527	16:69896527:A:G
16	72034653	16:72034653:G:A
17	36922196	17:36922196:A:G
17	43011908	17:43011908:G:A
17	43223292	17:43223292:G:A
17	44224940	17:44224940:A:T
17	46303558	17:46303558:G:A
17	46661292	17:46661292:G:A
17	63561592	17:63561592:G:T
17	65836001	17:65836001:A:C
17	79469118	17:79469118:T:A
18	20727611	18:20727611:C:T
18	21083738	18:21083738:C:T
18	46843923	18:46843923:C:G
18	53374913	18:53374913:C:G
18	57851763	18:57851763:A:G
18	57967186	18:57967186:T:G
18	58049192	18:58049192:A:C
18	58058029	18:58058029:T:A
19	18391171	19:18391171:C:T
19	18460956	19:18460956:G:A
19	45347911	19:45347911:C:A
19	47564643	19:47564643:C:T
19	55818225	19:55818225:T:C
2	417167	2:417167:T:C
2	636790	2:636790:T:C
2	24794214	2:24794214:A:G
2	25052177	2:25052177:C:T
2	25136866	2:25136866:T:A
2	26953540	2:26953540:A:G
2	40381921	2:40381921:C:T
2	40394879	2:40394879:C:G
2	44241155	2:44241155:A:G
2	54193193	2:54193193:T:C
2	70720070	2:70720070:C:T
2	100820421	2:100820421:A:G
2	135642719	2:135642719:T:A
2	136322676	2:136322676:G:T
2	174961488	2:174961488:A:G
2	175241482	2:175241482:T:C
2	175241566	2:175241566:G:A
2	230623127	2:230623127:C:T
20	34025756	20:34025756:A:G
20	47800829	20:47800829:T:A
20	50899693	20:50899693:T:C
22	39110124	22:39110124:G:A
3	4758586	3:4758586:G:T
3	35724256	3:35724256:T:C
3	49774658	3:49774658:G:A
3	53013267	3:53013267:A:G
3	71407890	3:71407890:C:T
3	71667063	3:71667063:G:A
3	77670448	3:77670448:A:G
3	81974558	3:81974558:A:G
3	88224304	3:88224304:T:C
3	94038085	3:94038085:C:G
3	141093285	3:141093285:T:C
3	173114305	3:173114305:A:G
4	17924734	4:17924734:T:C
4	18351898	4:18351898:C:T
4	19096263	4:19096263:T:C
4	38680015	4:38680015:A:G
4	45175691	4:45175691:C:T
4	80796055	4:80796055:C:A
4	94995978	4:94995978:A:C
4	102507114	4:102507114:G:A
4	103146888	4:103146888:A:C
4	145565116	4:145565116:G:A
4	181536946	4:181536946:C:T
5	74934009	5:74934009:A:T
5	103931707	5:103931707:G:A
5	107439012	5:107439012:G:A
5	131607402	5:131607402:T:C
5	133861756	5:133861756:C:T
5	153167595	5:153167595:A:G
5	170530930	5:170530930:A:G
6	7706004	6:7706004:G:A
6	12945093	6:12945093:C:T
6	15412065	6:15412065:C:A
6	18404133	6:18404133:C:A
6	26286149	6:26286149:G:T
6	28854059	6:28854059:G:A
6	29906313	6:29906313:A:C
6	31496776	6:31496776:T:G
6	31591918	6:31591918:A:T
6	32097611	6:32097611:G:A
6	32388546	6:32388546:T:C
6	32489679	6:32489679:C:T
6	32545392	6:32545392:G:C
6	32560477	6:32560477:A:G
6	32574575	6:32574575:A:C
6	32589363	6:32589363:A:G
6	32644553	6:32644553:C:T
6	32674329	6:32674329:G:A
6	33801510	6:33801510:A:G
6	34178558	6:34178558:T:C
6	34793124	6:34793124:G:A
6	40349366	6:40349366:C:T
6	50597378	6:50597378:G:T
6	50784880	6:50784880:C:G
6	98429337	6:98429337:T:C
6	105378954	6:105378954:C:T
6	126819699	6:126819699:T:G
6	130374461	6:130374461:T:A
7	2082604	7:2082604:G:A
7	19009810	7:19009810:C:T
7	28829253	7:28829253:G:C
7	39303296	7:39303296:C:T
7	39427769	7:39427769:A:T
7	46577056	7:46577056:A:G
7	69238493	7:69238493:T:A
7	69868489	7:69868489:T:C
7	99126640	7:99126640:T:C
7	113622594	7:113622594:G:T
7	150542515	7:150542515:G:T
8	5950130	8:5950130:A:G
8	30131484	8:30131484:G:A
8	95582655	8:95582655:A:G
8	116623548	8:116623548:T:C
9	33775652	9:33775652:C:G
9	92208227	9:92208227:A:G
9	117998886	9:117998886:G:A
